MM	==>	Month	(01-12)
MON	==>	Month in the abrrivated (JAN, FEB, ...)
MONTH	==>	Name of the Month
YY	==>	Year (14, 15)
YYYY	==>	Year (2014, 2015)
DD	==>	Day of the month.
HH24	==>	Hour of the day(0-23)
HH12	==>	Hour of the day(1-12)
HH	==>	Hour of the day(1-12)

AM, PM		==>	|
A.M, P.M	==>	|	Meridian Indicator

MI		==>	Minute (0-59)
SS		==>	Second(0-59)
FF		==>	Milliseconds (0-999)
note: all the above letters are case in sensitive
--------------------------------------------



create table t1(sno number, name varchar2(90), dob date, doj timestamp);

Table created.

**********************************************************************************************************************************************************************

insert into t1 values(1, 'abc', sysdate, sysdate);
SQL> insert into t1 values(1, 'abc', sysdate, sysdate);

1 row created.

SQL> SELECT * FROM T1;

       SNO
----------
NAME
--------------------------------------------------------------------------------
DOB
---------
DOJ
---------------------------------------------------------------------------
         1
abc
27-JAN-23
27-JAN-23 07.45.42.000000 PM

**********************************************************************************************************************************************************************

insert into t1 values(2, 'xyz', to_date('1990/12/25', 'YYYY/MM/DD'),
                                to_date('2014/03/25', 'YYYY/MM/DD'));

SQL> insert into t1 values(2, 'xyz', to_date('1990/12/25', 'YYYY/MM/DD'), to_date('2014/03/25', 'YYYY/MM/DD'));

1 row created.

SQL> SELECT * FROM T1;

       SNO
----------
NAME
--------------------------------------------------------------------------------
DOB
---------
DOJ
---------------------------------------------------------------------------
         1
abc
27-JAN-23
27-JAN-23 07.45.42.000000 PM


       SNO
----------
NAME
--------------------------------------------------------------------------------
DOB
---------
DOJ
---------------------------------------------------------------------------
         2
xyz
25-DEC-90
25-MAR-14 12.00.00.000000 AM

**********************************************************************************************************************************************************************

insert into t1 values(3, 'xyz', to_date('1990-12-25', 'YYYY-MM-DD'),
                                to_date('2014-23-05', 'YYYY-DD-MM'));
SQL> insert into t1 values(3, 'xyz', to_date('1990-12-25', 'YYYY-MM-DD'), to_date('2014-03-25', 'YYYY-MM-DD'));

1 row created.

SQL> SELECT * FROM T1;

       SNO
----------
NAME
--------------------------------------------------------------------------------
DOB
---------
DOJ
---------------------------------------------------------------------------
         1
abc
27-JAN-23
27-JAN-23 07.45.42.000000 PM


       SNO
----------
NAME
--------------------------------------------------------------------------------
DOB
---------
DOJ
---------------------------------------------------------------------------
         2
xyz
25-DEC-90
25-MAR-14 12.00.00.000000 AM


       SNO
----------
NAME
--------------------------------------------------------------------------------
DOB
---------
DOJ
---------------------------------------------------------------------------
         3
xyz
25-DEC-90
25-MAR-14 12.00.00.000000 AM
**********************************************************************************************************************************************************************

insert into t1 values(4, 'xyz', to_date('19901225', 'YYYYMMDD'),
                                to_date('20142305', 'YYYYDDMM'));
SQL> insert into t1 values(4, 'xyz', to_date('19901225', 'YYYYMMDD'), to_date('20140325', 'YYYYMMDD'));

1 row created.

SQL> SELECT * FROM T1;

       SNO
----------
NAME
--------------------------------------------------------------------------------
DOB
---------
DOJ
---------------------------------------------------------------------------
         1
abc
27-JAN-23
27-JAN-23 07.45.42.000000 PM


       SNO
----------
NAME
--------------------------------------------------------------------------------
DOB
---------
DOJ
---------------------------------------------------------------------------
         2
xyz
25-DEC-90
25-MAR-14 12.00.00.000000 AM


       SNO
----------
NAME
--------------------------------------------------------------------------------
DOB
---------
DOJ
---------------------------------------------------------------------------
         3
xyz
25-DEC-90
25-MAR-14 12.00.00.000000 AM


       SNO
----------
NAME
--------------------------------------------------------------------------------
DOB
---------
DOJ
---------------------------------------------------------------------------
         4
xyz
25-DEC-90
25-MAR-14 12.00.00.000000 AM
**********************************************************************************************************************************************************************


insert into t1 values(5, 'xyz', to_date('1990-JAN-25', 'YYYY-MON-DD'),
                                to_date('2014-23-JUL', 'YYYY-DD-MON'));
SQL> insert into t1 values(5, 'xyz', to_date('1990-JAN-25', 'YYYY-MON-DD'), to_date('2014-23-JUL', 'YYYY-DD-MON'));

1 row created.

SQL> SELECT * FROM T1;

       SNO
----------
NAME
--------------------------------------------------------------------------------
DOB
---------
DOJ
---------------------------------------------------------------------------
         1
abc
27-JAN-23
27-JAN-23 07.45.42.000000 PM


       SNO
----------
NAME
--------------------------------------------------------------------------------
DOB
---------
DOJ
---------------------------------------------------------------------------
         2
xyz
25-DEC-90
25-MAR-14 12.00.00.000000 AM


       SNO
----------
NAME
--------------------------------------------------------------------------------
DOB
---------
DOJ
---------------------------------------------------------------------------
         3
xyz
25-DEC-90
25-MAR-14 12.00.00.000000 AM


       SNO
----------
NAME
--------------------------------------------------------------------------------
DOB
---------
DOJ
---------------------------------------------------------------------------
         4
xyz
25-DEC-90
25-MAR-14 12.00.00.000000 AM


       SNO
----------
NAME
--------------------------------------------------------------------------------
DOB
---------
DOJ
---------------------------------------------------------------------------
         5
xyz
25-JAN-90
23-JUL-14 12.00.00.000000 AM

**********************************************************************************************************************************************************************

insert into t1 values(6, 'xyz', to_date('1990-JULY-25', 'YYYY-MONTH-DD'),
                                to_date('2014-23-MARCH', 'YYYY-DD-MONTH'));
SQL> insert into t1 values(6, 'xyz', to_date('1990-JULY-25', 'YYYY-MONTH-DD'), to_date('2014-23-MARCH', 'YYYY-DD-MONTH'));

1 row created.

SQL> SELECT * FROM T1;

       SNO
----------
NAME
--------------------------------------------------------------------------------
DOB
---------
DOJ
---------------------------------------------------------------------------
         1
abc
27-JAN-23
27-JAN-23 07.45.42.000000 PM


       SNO
----------
NAME
--------------------------------------------------------------------------------
DOB
---------
DOJ
---------------------------------------------------------------------------
         2
xyz
25-DEC-90
25-MAR-14 12.00.00.000000 AM


       SNO
----------
NAME
--------------------------------------------------------------------------------
DOB
---------
DOJ
---------------------------------------------------------------------------
         3
xyz
25-DEC-90
25-MAR-14 12.00.00.000000 AM


       SNO
----------
NAME
--------------------------------------------------------------------------------
DOB
---------
DOJ
---------------------------------------------------------------------------
         4
xyz
25-DEC-90
25-MAR-14 12.00.00.000000 AM


       SNO
----------
NAME
--------------------------------------------------------------------------------
DOB
---------
DOJ
---------------------------------------------------------------------------
         5
xyz
25-JAN-90
23-JUL-14 12.00.00.000000 AM


       SNO
----------
NAME
--------------------------------------------------------------------------------
DOB
---------
DOJ
---------------------------------------------------------------------------
         6
xyz
25-JUL-90
23-MAR-14 12.00.00.000000 AM


6 rows selected.

**********************************************************************************************************************************************************************

insert into t1 values(7, 'xyz', '31-MAR-98','22-APR-14');  //default DD-MON-YY

SQL> insert into t1 values(7, 'xyz', '31-MAR-98', '22-APR-14');

1 row created.

SQL> SELECT * FROM T1;

       SNO
----------
NAME
--------------------------------------------------------------------------------
DOB
---------
DOJ
---------------------------------------------------------------------------
         1
abc
27-JAN-23
27-JAN-23 07.45.42.000000 PM


       SNO
----------
NAME
--------------------------------------------------------------------------------
DOB
---------
DOJ
---------------------------------------------------------------------------
         2
xyz
25-DEC-90
25-MAR-14 12.00.00.000000 AM


       SNO
----------
NAME
--------------------------------------------------------------------------------
DOB
---------
DOJ
---------------------------------------------------------------------------
         3
xyz
25-DEC-90
25-MAR-14 12.00.00.000000 AM


       SNO
----------
NAME
--------------------------------------------------------------------------------
DOB
---------
DOJ
---------------------------------------------------------------------------
         4
xyz
25-DEC-90
25-MAR-14 12.00.00.000000 AM


       SNO
----------
NAME
--------------------------------------------------------------------------------
DOB
---------
DOJ
---------------------------------------------------------------------------
         5
xyz
25-JAN-90
23-JUL-14 12.00.00.000000 AM


       SNO
----------
NAME
--------------------------------------------------------------------------------
DOB
---------
DOJ
---------------------------------------------------------------------------
         6
xyz
25-JUL-90
23-MAR-14 12.00.00.000000 AM


       SNO
----------
NAME
--------------------------------------------------------------------------------
DOB
---------
DOJ
---------------------------------------------------------------------------
         7
xyz
31-MAR-98
22-APR-14 12.00.00.000000 AM


7 rows selected.

**********************************************************************************************************************************************************************







insert into t1 values(8, 'xyz', to_date('1998/05/20:13:25:48','YYYY/MM/DD:HH24:MI:SS'),
                                to_date('2013/25/10:03:25:48AM','YYYY/DD/MM:HH:MI:SSAM'));
SQL> insert into t1 values(8, 'xyz', to_date('1998/05/20:13:25:48', 'YYYY/MM/DD:HH24:MI:SS'), to_date('2013/25/10:03:25:48AM', 'YYYY/DD/MM:HH:MI:SSAM'));

1 row created.

SQL> SELECT * FROM T1;

       SNO
----------
NAME
--------------------------------------------------------------------------------
DOB
---------
DOJ
---------------------------------------------------------------------------
         1
abc
27-JAN-23
27-JAN-23 07.45.42.000000 PM


       SNO
----------
NAME
--------------------------------------------------------------------------------
DOB
---------
DOJ
---------------------------------------------------------------------------
         2
xyz
25-DEC-90
25-MAR-14 12.00.00.000000 AM


       SNO
----------
NAME
--------------------------------------------------------------------------------
DOB
---------
DOJ
---------------------------------------------------------------------------
         3
xyz
25-DEC-90
25-MAR-14 12.00.00.000000 AM


       SNO
----------
NAME
--------------------------------------------------------------------------------
DOB
---------
DOJ
---------------------------------------------------------------------------
         4
xyz
25-DEC-90
25-MAR-14 12.00.00.000000 AM


       SNO
----------
NAME
--------------------------------------------------------------------------------
DOB
---------
DOJ
---------------------------------------------------------------------------
         5
xyz
25-JAN-90
23-JUL-14 12.00.00.000000 AM


       SNO
----------
NAME
--------------------------------------------------------------------------------
DOB
---------
DOJ
---------------------------------------------------------------------------
         6
xyz
25-JUL-90
23-MAR-14 12.00.00.000000 AM


       SNO
----------
NAME
--------------------------------------------------------------------------------
DOB
---------
DOJ
---------------------------------------------------------------------------
         7
xyz
31-MAR-98
22-APR-14 12.00.00.000000 AM


       SNO
----------
NAME
--------------------------------------------------------------------------------
DOB
---------
DOJ
---------------------------------------------------------------------------
         8
xyz
20-MAY-98
25-OCT-13 03.25.48.000000 AM


8 rows selected.

**********************************************************************************************************************************************************************

insert into t1 values(9, 'xyz', to_date('1998/05/20:10:25:48PM','YYYY/MM/DD:HH12:MI:SSPM'),
                                to_date('2013/25/10:03:25:48AM','YYYY/DD/MM:HH:MI:SSAM'));

SQL> insert into t1 values(9, 'xyz', to_date('1998/05/20:10:25:48PM', 'YYYY/MM/DD:HH12:MI:SSPM'), to_date('2013/25/10:03:25:48AM', 'YYYY/DD/MM:HH:MI:SSAM'));

1 row created.

SQL> SELECT * FROM T1;

       SNO
----------
NAME
--------------------------------------------------------------------------------
DOB
---------
DOJ
---------------------------------------------------------------------------
         1
abc
27-JAN-23
27-JAN-23 07.45.42.000000 PM


       SNO
----------
NAME
--------------------------------------------------------------------------------
DOB
---------
DOJ
---------------------------------------------------------------------------
         2
xyz
25-DEC-90
25-MAR-14 12.00.00.000000 AM


       SNO
----------
NAME
--------------------------------------------------------------------------------
DOB
---------
DOJ
---------------------------------------------------------------------------
         3
xyz
25-DEC-90
25-MAR-14 12.00.00.000000 AM


       SNO
----------
NAME
--------------------------------------------------------------------------------
DOB
---------
DOJ
---------------------------------------------------------------------------
         4
xyz
25-DEC-90
25-MAR-14 12.00.00.000000 AM


       SNO
----------
NAME
--------------------------------------------------------------------------------
DOB
---------
DOJ
---------------------------------------------------------------------------
         5
xyz
25-JAN-90
23-JUL-14 12.00.00.000000 AM


       SNO
----------
NAME
--------------------------------------------------------------------------------
DOB
---------
DOJ
---------------------------------------------------------------------------
         6
xyz
25-JUL-90
23-MAR-14 12.00.00.000000 AM


       SNO
----------
NAME
--------------------------------------------------------------------------------
DOB
---------
DOJ
---------------------------------------------------------------------------
         7
xyz
31-MAR-98
22-APR-14 12.00.00.000000 AM


       SNO
----------
NAME
--------------------------------------------------------------------------------
DOB
---------
DOJ
---------------------------------------------------------------------------
         8
xyz
20-MAY-98
25-OCT-13 03.25.48.000000 AM


       SNO
----------
NAME
--------------------------------------------------------------------------------
DOB
---------
DOJ
---------------------------------------------------------------------------
         9
xyz
20-MAY-98
25-OCT-13 03.25.48.000000 AM


9 rows selected.

**********************************************************************************************************************************************************************





insert into t1 values(10, 'xyz', to_date('1998/05/20:10:25:48PM','YYYY/MM/DD:HH12:MI:SSPM'),
                                to_timestamp('2013/25/10:03:25:48AM','YYYY/DD/MM:HH:MI:SSAM'));

SQL> insert into t1 values(10, 'xyz', to_date('1998/05/20:10:25:48PM', 'YYYY/MM/DD:HH12:MI:SSPM'), to_timestamp('2013/25/10:03:25:48AM', 'YYYY/DD/MM:HH:MI:SSAM'));

1 row created.

SQL> SELECT * FROM T1;

       SNO
----------
NAME
--------------------------------------------------------------------------------
DOB
---------
DOJ
---------------------------------------------------------------------------
         1
abc
27-JAN-23
27-JAN-23 07.45.42.000000 PM


       SNO
----------
NAME
--------------------------------------------------------------------------------
DOB
---------
DOJ
---------------------------------------------------------------------------
         2
xyz
25-DEC-90
25-MAR-14 12.00.00.000000 AM


       SNO
----------
NAME
--------------------------------------------------------------------------------
DOB
---------
DOJ
---------------------------------------------------------------------------
         3
xyz
25-DEC-90
25-MAR-14 12.00.00.000000 AM


       SNO
----------
NAME
--------------------------------------------------------------------------------
DOB
---------
DOJ
---------------------------------------------------------------------------
         4
xyz
25-DEC-90
25-MAR-14 12.00.00.000000 AM


       SNO
----------
NAME
--------------------------------------------------------------------------------
DOB
---------
DOJ
---------------------------------------------------------------------------
         5
xyz
25-JAN-90
23-JUL-14 12.00.00.000000 AM


       SNO
----------
NAME
--------------------------------------------------------------------------------
DOB
---------
DOJ
---------------------------------------------------------------------------
         6
xyz
25-JUL-90
23-MAR-14 12.00.00.000000 AM


       SNO
----------
NAME
--------------------------------------------------------------------------------
DOB
---------
DOJ
---------------------------------------------------------------------------
         7
xyz
31-MAR-98
22-APR-14 12.00.00.000000 AM


       SNO
----------
NAME
--------------------------------------------------------------------------------
DOB
---------
DOJ
---------------------------------------------------------------------------
         8
xyz
20-MAY-98
25-OCT-13 03.25.48.000000 AM


       SNO
----------
NAME
--------------------------------------------------------------------------------
DOB
---------
DOJ
---------------------------------------------------------------------------
         9
xyz
20-MAY-98
25-OCT-13 03.25.48.000000 AM


       SNO
----------
NAME
--------------------------------------------------------------------------------
DOB
---------
DOJ
---------------------------------------------------------------------------
        10
xyz
20-MAY-98
25-OCT-13 03.25.48.000000 AM


10 rows selected.

**********************************************************************************************************************************************************************

insert into t1 values(11, 'xyz', to_date('1990-JULY-25', 'YYYY-MONTH-DD'),
                                to_timestamp('2014-23-MARCH', 'YYYY-DD-MONTH'));
SQL> insert into t1 values(11, 'xyz', to_date('1990-JULY-25', 'YYYY-MONTH-DD'), to_timestamp('2013-23-MARCH', 'YYYY-DD-MONTH'));

1 row created.

SQL> SELECT * FROM T1;

       SNO
----------
NAME
--------------------------------------------------------------------------------
DOB
---------
DOJ
---------------------------------------------------------------------------
         1
abc
27-JAN-23
27-JAN-23 07.45.42.000000 PM


       SNO
----------
NAME
--------------------------------------------------------------------------------
DOB
---------
DOJ
---------------------------------------------------------------------------
         2
xyz
25-DEC-90
25-MAR-14 12.00.00.000000 AM


       SNO
----------
NAME
--------------------------------------------------------------------------------
DOB
---------
DOJ
---------------------------------------------------------------------------
         3
xyz
25-DEC-90
25-MAR-14 12.00.00.000000 AM


       SNO
----------
NAME
--------------------------------------------------------------------------------
DOB
---------
DOJ
---------------------------------------------------------------------------
         4
xyz
25-DEC-90
25-MAR-14 12.00.00.000000 AM


       SNO
----------
NAME
--------------------------------------------------------------------------------
DOB
---------
DOJ
---------------------------------------------------------------------------
         5
xyz
25-JAN-90
23-JUL-14 12.00.00.000000 AM


       SNO
----------
NAME
--------------------------------------------------------------------------------
DOB
---------
DOJ
---------------------------------------------------------------------------
         6
xyz
25-JUL-90
23-MAR-14 12.00.00.000000 AM


       SNO
----------
NAME
--------------------------------------------------------------------------------
DOB
---------
DOJ
---------------------------------------------------------------------------
         7
xyz
31-MAR-98
22-APR-14 12.00.00.000000 AM


       SNO
----------
NAME
--------------------------------------------------------------------------------
DOB
---------
DOJ
---------------------------------------------------------------------------
         8
xyz
20-MAY-98
25-OCT-13 03.25.48.000000 AM


       SNO
----------
NAME
--------------------------------------------------------------------------------
DOB
---------
DOJ
---------------------------------------------------------------------------
         9
xyz
20-MAY-98
25-OCT-13 03.25.48.000000 AM


       SNO
----------
NAME
--------------------------------------------------------------------------------
DOB
---------
DOJ
---------------------------------------------------------------------------
        10
xyz
20-MAY-98
25-OCT-13 03.25.48.000000 AM


       SNO
----------
NAME
--------------------------------------------------------------------------------
DOB
---------
DOJ
---------------------------------------------------------------------------
        11
xyz
25-JUL-90
23-MAR-13 12.00.00.000000 AM


11 rows selected.

**********************************************************************************************************************************************************************

insert into t1 values(12, 'xyz', to_date('1990.JULY.25', 'YYYY.MONTH.DD'),
                                to_timestamp('2014 23 MARCH', 'YYYY DD MONTH'));

SQL> insert into t1 values(12, 'xyz', to_date('1990.JULY.25', 'YYYY.MONTH.DD'), to_timestamp('2013 23 MARCH', 'YYYY DD MONTH'));

1 row created.

SQL> SELECT * FROM T1;

       SNO
----------
NAME
--------------------------------------------------------------------------------
DOB
---------
DOJ
---------------------------------------------------------------------------
         1
abc
27-JAN-23
27-JAN-23 07.45.42.000000 PM


       SNO
----------
NAME
--------------------------------------------------------------------------------
DOB
---------
DOJ
---------------------------------------------------------------------------
         2
xyz
25-DEC-90
25-MAR-14 12.00.00.000000 AM


       SNO
----------
NAME
--------------------------------------------------------------------------------
DOB
---------
DOJ
---------------------------------------------------------------------------
         3
xyz
25-DEC-90
25-MAR-14 12.00.00.000000 AM


       SNO
----------
NAME
--------------------------------------------------------------------------------
DOB
---------
DOJ
---------------------------------------------------------------------------
         4
xyz
25-DEC-90
25-MAR-14 12.00.00.000000 AM


       SNO
----------
NAME
--------------------------------------------------------------------------------
DOB
---------
DOJ
---------------------------------------------------------------------------
         5
xyz
25-JAN-90
23-JUL-14 12.00.00.000000 AM


       SNO
----------
NAME
--------------------------------------------------------------------------------
DOB
---------
DOJ
---------------------------------------------------------------------------
         6
xyz
25-JUL-90
23-MAR-14 12.00.00.000000 AM


       SNO
----------
NAME
--------------------------------------------------------------------------------
DOB
---------
DOJ
---------------------------------------------------------------------------
         7
xyz
31-MAR-98
22-APR-14 12.00.00.000000 AM


       SNO
----------
NAME
--------------------------------------------------------------------------------
DOB
---------
DOJ
---------------------------------------------------------------------------
         8
xyz
20-MAY-98
25-OCT-13 03.25.48.000000 AM


       SNO
----------
NAME
--------------------------------------------------------------------------------
DOB
---------
DOJ
---------------------------------------------------------------------------
         9
xyz
20-MAY-98
25-OCT-13 03.25.48.000000 AM


       SNO
----------
NAME
--------------------------------------------------------------------------------
DOB
---------
DOJ
---------------------------------------------------------------------------
        10
xyz
20-MAY-98
25-OCT-13 03.25.48.000000 AM


       SNO
----------
NAME
--------------------------------------------------------------------------------
DOB
---------
DOJ
---------------------------------------------------------------------------
        11
xyz
25-JUL-90
23-MAR-13 12.00.00.000000 AM


       SNO
----------
NAME
--------------------------------------------------------------------------------
DOB
---------
DOJ
---------------------------------------------------------------------------
        12
xyz
25-JUL-90
23-MAR-13 12.00.00.000000 AM


12 rows selected.

**********************************************************************************************************************************************************************











insert into t1 values(13, 'xyz', to_date('1998/05/20-10-25-48PM','YYYY/MM/DD-HH12-MI-SSPM'),
                                to_timestamp('2013/25/10.03.25.48AM','YYYY/DD/MM.HH.MI.SSAM'));

SQL> insert into t1 values(13, 'xyz', to_date('1998/05/20-10-25-48PM','YYYY/MM/DD-HH12-MI-SSPM'), to_timestamp('2013/25/10.03.25.48AM','YYYY/DD/MM.HH.MI.SSAM'));

1 row created.

SQL> SELECT * FROM T1;

       SNO
----------
NAME
--------------------------------------------------------------------------------
DOB
---------
DOJ
---------------------------------------------------------------------------
         1
abc
27-JAN-23
27-JAN-23 07.45.42.000000 PM


       SNO
----------
NAME
--------------------------------------------------------------------------------
DOB
---------
DOJ
---------------------------------------------------------------------------
         2
xyz
25-DEC-90
25-MAR-14 12.00.00.000000 AM


       SNO
----------
NAME
--------------------------------------------------------------------------------
DOB
---------
DOJ
---------------------------------------------------------------------------
         3
xyz
25-DEC-90
25-MAR-14 12.00.00.000000 AM


       SNO
----------
NAME
--------------------------------------------------------------------------------
DOB
---------
DOJ
---------------------------------------------------------------------------
         4
xyz
25-DEC-90
25-MAR-14 12.00.00.000000 AM


       SNO
----------
NAME
--------------------------------------------------------------------------------
DOB
---------
DOJ
---------------------------------------------------------------------------
         5
xyz
25-JAN-90
23-JUL-14 12.00.00.000000 AM


       SNO
----------
NAME
--------------------------------------------------------------------------------
DOB
---------
DOJ
---------------------------------------------------------------------------
         6
xyz
25-JUL-90
23-MAR-14 12.00.00.000000 AM


       SNO
----------
NAME
--------------------------------------------------------------------------------
DOB
---------
DOJ
---------------------------------------------------------------------------
         7
xyz
31-MAR-98
22-APR-14 12.00.00.000000 AM


       SNO
----------
NAME
--------------------------------------------------------------------------------
DOB
---------
DOJ
---------------------------------------------------------------------------
         8
xyz
20-MAY-98
25-OCT-13 03.25.48.000000 AM


       SNO
----------
NAME
--------------------------------------------------------------------------------
DOB
---------
DOJ
---------------------------------------------------------------------------
         9
xyz
20-MAY-98
25-OCT-13 03.25.48.000000 AM


       SNO
----------
NAME
--------------------------------------------------------------------------------
DOB
---------
DOJ
---------------------------------------------------------------------------
        10
xyz
20-MAY-98
25-OCT-13 03.25.48.000000 AM


       SNO
----------
NAME
--------------------------------------------------------------------------------
DOB
---------
DOJ
---------------------------------------------------------------------------
        11
xyz
25-JUL-90
23-MAR-13 12.00.00.000000 AM


       SNO
----------
NAME
--------------------------------------------------------------------------------
DOB
---------
DOJ
---------------------------------------------------------------------------
        12
xyz
25-JUL-90
23-MAR-13 12.00.00.000000 AM


       SNO
----------
NAME
--------------------------------------------------------------------------------
DOB
---------
DOJ
---------------------------------------------------------------------------
        13
xyz
20-MAY-98
25-OCT-13 03.25.48.000000 AM


13 rows selected.

**********************************************************************************************************************************************************************

insert into t1 values(14, 'xyz', to_date('1998/05/20-10-25-48PM','YYYY/MM/DD-HH12-MI-SSPM'),
                                to_timestamp('2013/25/10.03.25.48.999AM','YYYY/DD/MM.HH.MI.SS.FF.AM'));

SQL> insert into t1 values(14, 'xyz', to_date('1998/05/20-10-25-48PM','YYYY/MM/DD-HH12-MI-SSPM'), to_timestamp('2013/25/10.03.25.48.999AM','YYYY/DD/MM.HH.MI.SS.FF.AM'));

1 row created.

SQL> SELECT * FROM T1;

       SNO
----------
NAME
--------------------------------------------------------------------------------
DOB
---------
DOJ
---------------------------------------------------------------------------
         1
abc
27-JAN-23
27-JAN-23 07.45.42.000000 PM


       SNO
----------
NAME
--------------------------------------------------------------------------------
DOB
---------
DOJ
---------------------------------------------------------------------------
         2
xyz
25-DEC-90
25-MAR-14 12.00.00.000000 AM


       SNO
----------
NAME
--------------------------------------------------------------------------------
DOB
---------
DOJ
---------------------------------------------------------------------------
         3
xyz
25-DEC-90
25-MAR-14 12.00.00.000000 AM


       SNO
----------
NAME
--------------------------------------------------------------------------------
DOB
---------
DOJ
---------------------------------------------------------------------------
         4
xyz
25-DEC-90
25-MAR-14 12.00.00.000000 AM


       SNO
----------
NAME
--------------------------------------------------------------------------------
DOB
---------
DOJ
---------------------------------------------------------------------------
         5
xyz
25-JAN-90
23-JUL-14 12.00.00.000000 AM


       SNO
----------
NAME
--------------------------------------------------------------------------------
DOB
---------
DOJ
---------------------------------------------------------------------------
         6
xyz
25-JUL-90
23-MAR-14 12.00.00.000000 AM


       SNO
----------
NAME
--------------------------------------------------------------------------------
DOB
---------
DOJ
---------------------------------------------------------------------------
         7
xyz
31-MAR-98
22-APR-14 12.00.00.000000 AM


       SNO
----------
NAME
--------------------------------------------------------------------------------
DOB
---------
DOJ
---------------------------------------------------------------------------
         8
xyz
20-MAY-98
25-OCT-13 03.25.48.000000 AM


       SNO
----------
NAME
--------------------------------------------------------------------------------
DOB
---------
DOJ
---------------------------------------------------------------------------
         9
xyz
20-MAY-98
25-OCT-13 03.25.48.000000 AM


       SNO
----------
NAME
--------------------------------------------------------------------------------
DOB
---------
DOJ
---------------------------------------------------------------------------
        10
xyz
20-MAY-98
25-OCT-13 03.25.48.000000 AM


       SNO
----------
NAME
--------------------------------------------------------------------------------
DOB
---------
DOJ
---------------------------------------------------------------------------
        11
xyz
25-JUL-90
23-MAR-13 12.00.00.000000 AM


       SNO
----------
NAME
--------------------------------------------------------------------------------
DOB
---------
DOJ
---------------------------------------------------------------------------
        12
xyz
25-JUL-90
23-MAR-13 12.00.00.000000 AM


       SNO
----------
NAME
--------------------------------------------------------------------------------
DOB
---------
DOJ
---------------------------------------------------------------------------
        13
xyz
20-MAY-98
25-OCT-13 03.25.48.000000 AM


       SNO
----------
NAME
--------------------------------------------------------------------------------
DOB
---------
DOJ
---------------------------------------------------------------------------
        14
xyz
20-MAY-98
25-OCT-13 03.25.48.999000 AM


14 rows selected.

**********************************************************************************************************************************************************************

insert into t1 values(2, 'xyz', to_date('1998/05/20-10-25-48.550PM','YYYY/MM/DD-HH12-MI-SS.FFPM'),
                  to_timestamp('2013/25/10.03.25.48.520AM','YYYY/DD/MM.HH.MI.SS.FF.AM'));  

// ERROR . to_date wont support milliseconds.
SQL> insert into t1 values(2, 'xyz', to_date('1998/05/20-10-25-48.550PM','YYYY/MM/DD-HH12-MI-SS.FFPM'), to_timestamp('2013/25/10.03.25.48.520AM','YYYY/DD/MM.HH.MI.SS.FF.AM'));
insert into t1 values(2, 'xyz', to_date('1998/05/20-10-25-48.550PM','YYYY/MM/DD-HH12-MI-SS.FFPM'), to_timestamp('2013/25/10.03.25.48.520AM','YYYY/DD/MM.HH.MI.SS.FF.AM'))
                                                                    *
ERROR at line 1:
ORA-01821: date format not recognized
**********************************************************************************************************************************************************************

select * from t1;  // observe the dafault date out put and time stamp output.

SQL> SELECT * FROM T1;

       SNO
----------
NAME
--------------------------------------------------------------------------------
DOB
---------
DOJ
---------------------------------------------------------------------------
         1
abc
27-JAN-23
27-JAN-23 07.45.42.000000 PM


       SNO
----------
NAME
--------------------------------------------------------------------------------
DOB
---------
DOJ
---------------------------------------------------------------------------
         2
xyz
25-DEC-90
25-MAR-14 12.00.00.000000 AM


       SNO
----------
NAME
--------------------------------------------------------------------------------
DOB
---------
DOJ
---------------------------------------------------------------------------
         3
xyz
25-DEC-90
25-MAR-14 12.00.00.000000 AM


       SNO
----------
NAME
--------------------------------------------------------------------------------
DOB
---------
DOJ
---------------------------------------------------------------------------
         4
xyz
25-DEC-90
25-MAR-14 12.00.00.000000 AM


       SNO
----------
NAME
--------------------------------------------------------------------------------
DOB
---------
DOJ
---------------------------------------------------------------------------
         5
xyz
25-JAN-90
23-JUL-14 12.00.00.000000 AM


       SNO
----------
NAME
--------------------------------------------------------------------------------
DOB
---------
DOJ
---------------------------------------------------------------------------
         6
xyz
25-JUL-90
23-MAR-14 12.00.00.000000 AM


       SNO
----------
NAME
--------------------------------------------------------------------------------
DOB
---------
DOJ
---------------------------------------------------------------------------
         7
xyz
31-MAR-98
22-APR-14 12.00.00.000000 AM


       SNO
----------
NAME
--------------------------------------------------------------------------------
DOB
---------
DOJ
---------------------------------------------------------------------------
         8
xyz
20-MAY-98
25-OCT-13 03.25.48.000000 AM


       SNO
----------
NAME
--------------------------------------------------------------------------------
DOB
---------
DOJ
---------------------------------------------------------------------------
         9
xyz
20-MAY-98
25-OCT-13 03.25.48.000000 AM


       SNO
----------
NAME
--------------------------------------------------------------------------------
DOB
---------
DOJ
---------------------------------------------------------------------------
        10
xyz
20-MAY-98
25-OCT-13 03.25.48.000000 AM


       SNO
----------
NAME
--------------------------------------------------------------------------------
DOB
---------
DOJ
---------------------------------------------------------------------------
        11
xyz
25-JUL-90
23-MAR-13 12.00.00.000000 AM


       SNO
----------
NAME
--------------------------------------------------------------------------------
DOB
---------
DOJ
---------------------------------------------------------------------------
        12
xyz
25-JUL-90
23-MAR-13 12.00.00.000000 AM


       SNO
----------
NAME
--------------------------------------------------------------------------------
DOB
---------
DOJ
---------------------------------------------------------------------------
        13
xyz
20-MAY-98
25-OCT-13 03.25.48.000000 AM


       SNO
----------
NAME
--------------------------------------------------------------------------------
DOB
---------
DOJ
---------------------------------------------------------------------------
        14
xyz
20-MAY-98
25-OCT-13 03.25.48.999000 AM


14 rows selected.

**********************************************************************************************************************************************************************

select to_char(dob, 'YYYY/MM/DD') as dob, 
       to_char(doj, 'YYYY/MM/DD') as doj from t1;
**********************************************************************************************************************************************************************

select to_char(dob ,'YYYY/MM/DD-HH12-MI-SSPM') as dob,
       to_char(doj,'YYYY/DD/MM.HH.MI.SSAM') as doj from t1;
 
SQL> select to_char(dob, 'YYYY/MM/DD') as dob, to_char(doj, 'YYYY/MM/DD') as doj from t1;

DOB        DOJ
---------- ----------
2023/01/27 2023/01/27
1990/12/25 2014/03/25
1990/12/25 2014/03/25
1990/12/25 2014/03/25
1990/01/25 2014/07/23
1990/07/25 2014/03/23
1998/03/31 2014/04/22
1998/05/20 2013/10/25
1998/05/20 2013/10/25
1998/05/20 2013/10/25
1990/07/25 2013/03/23

DOB        DOJ
---------- ----------
1990/07/25 2013/03/23
1998/05/20 2013/10/25
1998/05/20 2013/10/25

14 rows selected.

**********************************************************************************************************************************************************************

select to_char(dob, 'YYYY-MONTH-DD') as dob,
       to_char(doj, 'YYYY-DD-MONTH') as doj from t1;

SQL> select to_char(dob, 'YYYY-MONTH-DD') as dob, to_char(doj, 'YYYY-DD-MONTH') as doj from t1;

DOB
--------------------------------------------
DOJ
--------------------------------------------
2023-JANUARY  -27
2023-27-JANUARY

1990-DECEMBER -25
2014-25-MARCH

1990-DECEMBER -25
2014-25-MARCH


DOB
--------------------------------------------
DOJ
--------------------------------------------
1990-DECEMBER -25
2014-25-MARCH

1990-JANUARY  -25
2014-23-JULY

1990-JULY     -25
2014-23-MARCH


DOB
--------------------------------------------
DOJ
--------------------------------------------
1998-MARCH    -31
2014-22-APRIL

1998-MAY      -20
2013-25-OCTOBER

1998-MAY      -20
2013-25-OCTOBER


DOB
--------------------------------------------
DOJ
--------------------------------------------
1998-MAY      -20
2013-25-OCTOBER

1990-JULY     -25
2013-23-MARCH

1990-JULY     -25
2013-23-MARCH


DOB
--------------------------------------------
DOJ
--------------------------------------------
1998-MAY      -20
2013-25-OCTOBER

1998-MAY      -20
2013-25-OCTOBER


14 rows selected

**********************************************************************************************************************************************************************

select * from t1 where dob > doj;
no rows selected
**********************************************************************************************************************************************************************

select * from t1 where doj > dob;

SQL> select * from t1 where doj > dob;

       SNO
----------
NAME
--------------------------------------------------------------------------------
DOB
---------
DOJ
---------------------------------------------------------------------------
         2
xyz
25-DEC-90
25-MAR-14 12.00.00.000000 AM


       SNO
----------
NAME
--------------------------------------------------------------------------------
DOB
---------
DOJ
---------------------------------------------------------------------------
         3
xyz
25-DEC-90
25-MAR-14 12.00.00.000000 AM


       SNO
----------
NAME
--------------------------------------------------------------------------------
DOB
---------
DOJ
---------------------------------------------------------------------------
         4
xyz
25-DEC-90
25-MAR-14 12.00.00.000000 AM


       SNO
----------
NAME
--------------------------------------------------------------------------------
DOB
---------
DOJ
---------------------------------------------------------------------------
         5
xyz
25-JAN-90
23-JUL-14 12.00.00.000000 AM


       SNO
----------
NAME
--------------------------------------------------------------------------------
DOB
---------
DOJ
---------------------------------------------------------------------------
         6
xyz
25-JUL-90
23-MAR-14 12.00.00.000000 AM


       SNO
----------
NAME
--------------------------------------------------------------------------------
DOB
---------
DOJ
---------------------------------------------------------------------------
         7
xyz
31-MAR-98
22-APR-14 12.00.00.000000 AM


       SNO
----------
NAME
--------------------------------------------------------------------------------
DOB
---------
DOJ
---------------------------------------------------------------------------
         8
xyz
20-MAY-98
25-OCT-13 03.25.48.000000 AM


       SNO
----------
NAME
--------------------------------------------------------------------------------
DOB
---------
DOJ
---------------------------------------------------------------------------
         9
xyz
20-MAY-98
25-OCT-13 03.25.48.000000 AM


       SNO
----------
NAME
--------------------------------------------------------------------------------
DOB
---------
DOJ
---------------------------------------------------------------------------
        10
xyz
20-MAY-98
25-OCT-13 03.25.48.000000 AM


       SNO
----------
NAME
--------------------------------------------------------------------------------
DOB
---------
DOJ
---------------------------------------------------------------------------
        11
xyz
25-JUL-90
23-MAR-13 12.00.00.000000 AM


       SNO
----------
NAME
--------------------------------------------------------------------------------
DOB
---------
DOJ
---------------------------------------------------------------------------
        12
xyz
25-JUL-90
23-MAR-13 12.00.00.000000 AM


       SNO
----------
NAME
--------------------------------------------------------------------------------
DOB
---------
DOJ
---------------------------------------------------------------------------
        13
xyz
20-MAY-98
25-OCT-13 03.25.48.000000 AM


       SNO
----------
NAME
--------------------------------------------------------------------------------
DOB
---------
DOJ
---------------------------------------------------------------------------
        14
xyz
20-MAY-98
25-OCT-13 03.25.48.999000 AM


13 rows selected.

**********************************************************************************************************************************************************************

select * from t1 where dob > '25-DEC-90';

SQL> select * from t1 where dob > '25-DEC-90';

       SNO
----------
NAME
--------------------------------------------------------------------------------
DOB
---------
DOJ
---------------------------------------------------------------------------
         1
abc
27-JAN-23
27-JAN-23 07.45.42.000000 PM


       SNO
----------
NAME
--------------------------------------------------------------------------------
DOB
---------
DOJ
---------------------------------------------------------------------------
         7
xyz
31-MAR-98
22-APR-14 12.00.00.000000 AM


       SNO
----------
NAME
--------------------------------------------------------------------------------
DOB
---------
DOJ
---------------------------------------------------------------------------
         8
xyz
20-MAY-98
25-OCT-13 03.25.48.000000 AM


       SNO
----------
NAME
--------------------------------------------------------------------------------
DOB
---------
DOJ
---------------------------------------------------------------------------
         9
xyz
20-MAY-98
25-OCT-13 03.25.48.000000 AM


       SNO
----------
NAME
--------------------------------------------------------------------------------
DOB
---------
DOJ
---------------------------------------------------------------------------
        10
xyz
20-MAY-98
25-OCT-13 03.25.48.000000 AM


       SNO
----------
NAME
--------------------------------------------------------------------------------
DOB
---------
DOJ
---------------------------------------------------------------------------
        13
xyz
20-MAY-98
25-OCT-13 03.25.48.000000 AM


       SNO
----------
NAME
--------------------------------------------------------------------------------
DOB
---------
DOJ
---------------------------------------------------------------------------
        14
xyz
20-MAY-98
25-OCT-13 03.25.48.999000 AM


7 rows selected.

**********************************************************************************************************************************************************************

select * from t1 where dob BETWEEN '25-DEC-90' AND '20-MAR-99';

SQL> select * from t1 where dob BETWEEN '25-DEC-90' AND '20-MAR-99';

       SNO
----------
NAME
--------------------------------------------------------------------------------
DOB
---------
DOJ
---------------------------------------------------------------------------
         2
xyz
25-DEC-90
25-MAR-14 12.00.00.000000 AM


       SNO
----------
NAME
--------------------------------------------------------------------------------
DOB
---------
DOJ
---------------------------------------------------------------------------
         3
xyz
25-DEC-90
25-MAR-14 12.00.00.000000 AM


       SNO
----------
NAME
--------------------------------------------------------------------------------
DOB
---------
DOJ
---------------------------------------------------------------------------
         4
xyz
25-DEC-90
25-MAR-14 12.00.00.000000 AM


       SNO
----------
NAME
--------------------------------------------------------------------------------
DOB
---------
DOJ
---------------------------------------------------------------------------
         7
xyz
31-MAR-98
22-APR-14 12.00.00.000000 AM


       SNO
----------
NAME
--------------------------------------------------------------------------------
DOB
---------
DOJ
---------------------------------------------------------------------------
         8
xyz
20-MAY-98
25-OCT-13 03.25.48.000000 AM


       SNO
----------
NAME
--------------------------------------------------------------------------------
DOB
---------
DOJ
---------------------------------------------------------------------------
         9
xyz
20-MAY-98
25-OCT-13 03.25.48.000000 AM


       SNO
----------
NAME
--------------------------------------------------------------------------------
DOB
---------
DOJ
---------------------------------------------------------------------------
        10
xyz
20-MAY-98
25-OCT-13 03.25.48.000000 AM


       SNO
----------
NAME
--------------------------------------------------------------------------------
DOB
---------
DOJ
---------------------------------------------------------------------------
        13
xyz
20-MAY-98
25-OCT-13 03.25.48.000000 AM


       SNO
----------
NAME
--------------------------------------------------------------------------------
DOB
---------
DOJ
---------------------------------------------------------------------------
        14
xyz
20-MAY-98
25-OCT-13 03.25.48.999000 AM


9 rows selected.

**********************************************************************************************************************************************************************


select * from t1 where dob = to_date('1990/12/25', 'YYYY/MM/DD');

SQL> select * from t1 where dob = to_date('1990/12/25', 'YYYY/MM/DD');

       SNO
----------
NAME
--------------------------------------------------------------------------------
DOB
---------
DOJ
---------------------------------------------------------------------------
         2
xyz
25-DEC-90
25-MAR-14 12.00.00.000000 AM


       SNO
----------
NAME
--------------------------------------------------------------------------------
DOB
---------
DOJ
---------------------------------------------------------------------------
         3
xyz
25-DEC-90
25-MAR-14 12.00.00.000000 AM


       SNO
----------
NAME
--------------------------------------------------------------------------------
DOB
---------
DOJ
---------------------------------------------------------------------------
         4
xyz
25-DEC-90
25-MAR-14 12.00.00.000000 AM

**********************************************************************************************************************************************************************

select * from t1 where dob > to_date('1990/12/25', 'YYYY/MM/DD');

SQL> select * from t1 where dob > to_date('1990/12/25', 'YYYY/MM/DD');

       SNO
----------
NAME
--------------------------------------------------------------------------------
DOB
---------
DOJ
---------------------------------------------------------------------------
         1
abc
27-JAN-23
27-JAN-23 07.45.42.000000 PM


       SNO
----------
NAME
--------------------------------------------------------------------------------
DOB
---------
DOJ
---------------------------------------------------------------------------
         7
xyz
31-MAR-98
22-APR-14 12.00.00.000000 AM


       SNO
----------
NAME
--------------------------------------------------------------------------------
DOB
---------
DOJ
---------------------------------------------------------------------------
         8
xyz
20-MAY-98
25-OCT-13 03.25.48.000000 AM


       SNO
----------
NAME
--------------------------------------------------------------------------------
DOB
---------
DOJ
---------------------------------------------------------------------------
         9
xyz
20-MAY-98
25-OCT-13 03.25.48.000000 AM


       SNO
----------
NAME
--------------------------------------------------------------------------------
DOB
---------
DOJ
---------------------------------------------------------------------------
        10
xyz
20-MAY-98
25-OCT-13 03.25.48.000000 AM


       SNO
----------
NAME
--------------------------------------------------------------------------------
DOB
---------
DOJ
---------------------------------------------------------------------------
        13
xyz
20-MAY-98
25-OCT-13 03.25.48.000000 AM


       SNO
----------
NAME
--------------------------------------------------------------------------------
DOB
---------
DOJ
---------------------------------------------------------------------------
        14
xyz
20-MAY-98
25-OCT-13 03.25.48.999000 AM


7 rows selected.

**********************************************************************************************************************************************************************

select * from t1 where dob between 
to_date('1990/01/01', 'YYYY/MM/DD') and 
to_date('2000/01/01', 'YYYY/MM/DD');

SQL> select * from t1 where dob between to_date('1990/01/01', 'YYYY/MM/DD') and to_date('2000/01/01', 'YYYY/MM/DD');

       SNO
----------
NAME
--------------------------------------------------------------------------------
DOB
---------
DOJ
---------------------------------------------------------------------------
         2
xyz
25-DEC-90
25-MAR-14 12.00.00.000000 AM


       SNO
----------
NAME
--------------------------------------------------------------------------------
DOB
---------
DOJ
---------------------------------------------------------------------------
         3
xyz
25-DEC-90
25-MAR-14 12.00.00.000000 AM


       SNO
----------
NAME
--------------------------------------------------------------------------------
DOB
---------
DOJ
---------------------------------------------------------------------------
         4
xyz
25-DEC-90
25-MAR-14 12.00.00.000000 AM


       SNO
----------
NAME
--------------------------------------------------------------------------------
DOB
---------
DOJ
---------------------------------------------------------------------------
         5
xyz
25-JAN-90
23-JUL-14 12.00.00.000000 AM


       SNO
----------
NAME
--------------------------------------------------------------------------------
DOB
---------
DOJ
---------------------------------------------------------------------------
         6
xyz
25-JUL-90
23-MAR-14 12.00.00.000000 AM


       SNO
----------
NAME
--------------------------------------------------------------------------------
DOB
---------
DOJ
---------------------------------------------------------------------------
         7
xyz
31-MAR-98
22-APR-14 12.00.00.000000 AM


       SNO
----------
NAME
--------------------------------------------------------------------------------
DOB
---------
DOJ
---------------------------------------------------------------------------
         8
xyz
20-MAY-98
25-OCT-13 03.25.48.000000 AM


       SNO
----------
NAME
--------------------------------------------------------------------------------
DOB
---------
DOJ
---------------------------------------------------------------------------
         9
xyz
20-MAY-98
25-OCT-13 03.25.48.000000 AM


       SNO
----------
NAME
--------------------------------------------------------------------------------
DOB
---------
DOJ
---------------------------------------------------------------------------
        10
xyz
20-MAY-98
25-OCT-13 03.25.48.000000 AM


       SNO
----------
NAME
--------------------------------------------------------------------------------
DOB
---------
DOJ
---------------------------------------------------------------------------
        11
xyz
25-JUL-90
23-MAR-13 12.00.00.000000 AM


       SNO
----------
NAME
--------------------------------------------------------------------------------
DOB
---------
DOJ
---------------------------------------------------------------------------
        12
xyz
25-JUL-90
23-MAR-13 12.00.00.000000 AM


       SNO
----------
NAME
--------------------------------------------------------------------------------
DOB
---------
DOJ
---------------------------------------------------------------------------
        13
xyz
20-MAY-98
25-OCT-13 03.25.48.000000 AM


       SNO
----------
NAME
--------------------------------------------------------------------------------
DOB
---------
DOJ
---------------------------------------------------------------------------
        14
xyz
20-MAY-98
25-OCT-13 03.25.48.999000 AM


13 rows selected.

**********************************************************************************************************************************************************************

create table t2(sno int, name varchar(90), sal int, dept varchar(90));

Table created.

**********************************************************************************************************************************************************************

insert into t2 values(1, 'ramu', 20000, 'sw');

SQL> insert into t2 values(1, 'ramu', 20000, 'sw');

1 row created.

SQL> select * from t2;

       SNO
----------
NAME
--------------------------------------------------------------------------------
       SAL
----------
DEPT
--------------------------------------------------------------------------------
         1
ramu
     20000
sw

**********************************************************************************************************************************************************************

insert into t2 values(2, 'manu', 30000, 'sw');

SQL> insert into t2 values(2, 'manu', 30000, 'sw');

1 row created.

SQL> select * from t2;

       SNO
----------
NAME
--------------------------------------------------------------------------------
       SAL
----------
DEPT
--------------------------------------------------------------------------------
         1
ramu
     20000
sw


       SNO
----------
NAME
--------------------------------------------------------------------------------
       SAL
----------
DEPT
--------------------------------------------------------------------------------
         2
manu
     30000
sw

**********************************************************************************************************************************************************************

insert into t2 values(3, 'pavan', 25000, 'sw');

SQL> insert into t2 values(3, 'pavan', 25000, 'sw');

1 row created.

SQL> select * from t2;

       SNO
----------
NAME
--------------------------------------------------------------------------------
       SAL
----------
DEPT
--------------------------------------------------------------------------------
         1
ramu
     20000
sw


       SNO
----------
NAME
--------------------------------------------------------------------------------
       SAL
----------
DEPT
--------------------------------------------------------------------------------
         2
manu
     30000
sw


       SNO
----------
NAME
--------------------------------------------------------------------------------
       SAL
----------
DEPT
--------------------------------------------------------------------------------
         3
pavan
     25000
sw

**********************************************************************************************************************************************************************

insert into t2 values(4, 'kiran', 40000, 'hw');

SQL> insert into t2 values(4, 'kiran', 40000, 'hw');

1 row created.

SQL> select * from t2;

       SNO
----------
NAME
--------------------------------------------------------------------------------
       SAL
----------
DEPT
--------------------------------------------------------------------------------
         1
ramu
     20000
sw


       SNO
----------
NAME
--------------------------------------------------------------------------------
       SAL
----------
DEPT
--------------------------------------------------------------------------------
         2
manu
     30000
sw


       SNO
----------
NAME
--------------------------------------------------------------------------------
       SAL
----------
DEPT
--------------------------------------------------------------------------------
         3
pavan
     25000
sw


       SNO
----------
NAME
--------------------------------------------------------------------------------
       SAL
----------
DEPT
--------------------------------------------------------------------------------
         4
kiran
     40000
hw

**********************************************************************************************************************************************************************

insert into t2 values(5, 'naveen', 35000, 'hw');

SQL> insert into t2 values(5, 'naveen', 35000, 'hw');

1 row created.

SQL> select * from t2;

       SNO
----------
NAME
--------------------------------------------------------------------------------
       SAL
----------
DEPT
--------------------------------------------------------------------------------
         1
ramu
     20000
sw


       SNO
----------
NAME
--------------------------------------------------------------------------------
       SAL
----------
DEPT
--------------------------------------------------------------------------------
         2
manu
     30000
sw


       SNO
----------
NAME
--------------------------------------------------------------------------------
       SAL
----------
DEPT
--------------------------------------------------------------------------------
         3
pavan
     25000
sw


       SNO
----------
NAME
--------------------------------------------------------------------------------
       SAL
----------
DEPT
--------------------------------------------------------------------------------
         4
kiran
     40000
hw


       SNO
----------
NAME
--------------------------------------------------------------------------------
       SAL
----------
DEPT
--------------------------------------------------------------------------------
         5
naveen
     35000
hw

**********************************************************************************************************************************************************************

insert into t2 values(6, 'chenna', 38000, 'hw');

SQL> insert into t2 values(6, 'chenna', 38000, 'hw');

1 row created.

SQL> select * from t2;

       SNO
----------
NAME
--------------------------------------------------------------------------------
       SAL
----------
DEPT
--------------------------------------------------------------------------------
         1
ramu
     20000
sw


       SNO
----------
NAME
--------------------------------------------------------------------------------
       SAL
----------
DEPT
--------------------------------------------------------------------------------
         2
manu
     30000
sw


       SNO
----------
NAME
--------------------------------------------------------------------------------
       SAL
----------
DEPT
--------------------------------------------------------------------------------
         3
pavan
     25000
sw


       SNO
----------
NAME
--------------------------------------------------------------------------------
       SAL
----------
DEPT
--------------------------------------------------------------------------------
         4
kiran
     40000
hw


       SNO
----------
NAME
--------------------------------------------------------------------------------
       SAL
----------
DEPT
--------------------------------------------------------------------------------
         5
naveen
     35000
hw


       SNO
----------
NAME
--------------------------------------------------------------------------------
       SAL
----------
DEPT
--------------------------------------------------------------------------------
         6
chenna
     38000
hw


6 rows selected.

**********************************************************************************************************************************************************************

select * from t2;

SQL> select * from t2;

       SNO
----------
NAME
--------------------------------------------------------------------------------
       SAL
----------
DEPT
--------------------------------------------------------------------------------
         1
ramu
     20000
sw


       SNO
----------
NAME
--------------------------------------------------------------------------------
       SAL
----------
DEPT
--------------------------------------------------------------------------------
         2
manu
     30000
sw


       SNO
----------
NAME
--------------------------------------------------------------------------------
       SAL
----------
DEPT
--------------------------------------------------------------------------------
         3
pavan
     25000
sw


       SNO
----------
NAME
--------------------------------------------------------------------------------
       SAL
----------
DEPT
--------------------------------------------------------------------------------
         4
kiran
     40000
hw


       SNO
----------
NAME
--------------------------------------------------------------------------------
       SAL
----------
DEPT
--------------------------------------------------------------------------------
         5
naveen
     35000
hw


       SNO
----------
NAME
--------------------------------------------------------------------------------
       SAL
----------
DEPT
--------------------------------------------------------------------------------
         6
chenna
     38000
hw


6 rows selected.

**********************************************************************************************************************************************************************

select * from t2 order by dept;

SQL> select * from t2 order by dept;

       SNO
----------
NAME
--------------------------------------------------------------------------------
       SAL
----------
DEPT
--------------------------------------------------------------------------------
         5
naveen
     35000
hw


       SNO
----------
NAME
--------------------------------------------------------------------------------
       SAL
----------
DEPT
--------------------------------------------------------------------------------
         4
kiran
     40000
hw


       SNO
----------
NAME
--------------------------------------------------------------------------------
       SAL
----------
DEPT
--------------------------------------------------------------------------------
         6
chenna
     38000
hw


       SNO
----------
NAME
--------------------------------------------------------------------------------
       SAL
----------
DEPT
--------------------------------------------------------------------------------
         2
manu
     30000
sw


       SNO
----------
NAME
--------------------------------------------------------------------------------
       SAL
----------
DEPT
--------------------------------------------------------------------------------
         1
ramu
     20000
sw


       SNO
----------
NAME
--------------------------------------------------------------------------------
       SAL
----------
DEPT
--------------------------------------------------------------------------------
         3
pavan
     25000
sw


6 rows selected.

**********************************************************************************************************************************************************************

select dept, count(*) as total_emp from t2 group by dept;

DEPT
--------------------------------------------------------------------------------
 TOTAL_EMP
----------
sw
         3

hw
         3
	 
**********************************************************************************************************************************************************************

select dept, sum(sal) from t2 group by dept;

DEPT
--------------------------------------------------------------------------------
  SUM(SAL)
----------
sw
     75000

hw
    113000
    
**********************************************************************************************************************************************************************

select dept, max(sal) from t2 group by dept;

SQL> select dept, max(sal) from t2 group by dept;

DEPT
--------------------------------------------------------------------------------
  MAX(SAL)
----------
sw
     30000

hw
     40000
     
**********************************************************************************************************************************************************************

select dept, min(sal) from t2 group by dept;
SQL> select dept, min(sal) from t2 group by dept;

DEPT
--------------------------------------------------------------------------------
  MIN(SAL)
----------
sw
     20000

hw
     35000
     
**********************************************************************************************************************************************************************
select dept, avg(sal) from t2 group by dept;
SQL> select dept, avg(sal) from t2 group by dept;

DEPT
--------------------------------------------------------------------------------
  AVG(SAL)
----------
sw
     25000

hw
37666.6667

**********************************************************************************************************************************************************************











----------
CREATE TABLE EMP(ID INT, NAME VARCHAR(90), DOB DATE);
**********************************************************************************************************************************************************************

INSERT INTO EMP VALUES(1, 'RAMU', '12-JAN-92');

SQL> INSERT INTO EMP VALUES(1, 'RAMU', '12-JAN-92');

1 row created.

SQL> SELECT * FROM EMP;

        ID
----------
NAME
--------------------------------------------------------------------------------
DOB
---------
         1
RAMU
12-JAN-92

**********************************************************************************************************************************************************************

INSERT INTO EMP VALUES(2, 'MANU', '12-FEB-92');

SQL> INSERT INTO EMP VALUES(2, 'MANU', '12-FEB-92');

1 row created.

SQL> SELECT * FROM EMP;

        ID
----------
NAME
--------------------------------------------------------------------------------
DOB
---------
         1
RAMU
12-JAN-92

         2
MANU
12-FEB-92

        ID
----------
NAME
--------------------------------------------------------------------------------
DOB
---------

**********************************************************************************************************************************************************************

INSERT INTO EMP VALUES(3, 'VIJAY', '15-JAN-92');

SQL> INSERT INTO EMP VALUES(3, 'VIJAY', '15-JAN-92');

1 row created.

SQL> SELECT * FROM EMP;

        ID
----------
NAME
--------------------------------------------------------------------------------
DOB
---------
         1
RAMU
12-JAN-92

         2
MANU
12-FEB-92

        ID
----------
NAME
--------------------------------------------------------------------------------
DOB
---------

         3
VIJAY
15-JAN-92

**********************************************************************************************************************************************************************

INSERT INTO EMP VALUES(4, 'MANJU', '20-JAN-92');

SQL> INSERT INTO EMP VALUES(4, 'MANJU', '20-JAN-92');

1 row created.

SQL> SELECT * FROM EMP;

        ID
----------
NAME
--------------------------------------------------------------------------------
DOB
---------
         1
RAMU
12-JAN-92

         2
MANU
12-FEB-92

        ID
----------
NAME
--------------------------------------------------------------------------------
DOB
---------

         3
VIJAY
15-JAN-92

         4
MANJU

        ID
----------
NAME
--------------------------------------------------------------------------------
DOB
---------
20-JAN-92

**********************************************************************************************************************************************************************

INSERT INTO EMP VALUES(5, 'MANOJ', '15-NOV-94');

SQL> INSERT INTO EMP VALUES(5, 'MANOJ', '15-NOV-94');

1 row created.

SQL> SELECT * FROM EMP;

        ID
----------
NAME
--------------------------------------------------------------------------------
DOB
---------
         1
RAMU
12-JAN-92

         2
MANU
12-FEB-92

        ID
----------
NAME
--------------------------------------------------------------------------------
DOB
---------

         3
VIJAY
15-JAN-92

         4
MANJU

        ID
----------
NAME
--------------------------------------------------------------------------------
DOB
---------
20-JAN-92

         5
MANOJ
15-NOV-94

**********************************************************************************************************************************************************************

INSERT INTO EMP VALUES(6, 'NAVEEN', '22-AUG-91');

SQL> INSERT INTO EMP VALUES(6, 'NAVEEN', '22-AUG-91');

1 row created.

SQL> SELECT * FROM EMP;

        ID
----------
NAME
--------------------------------------------------------------------------------
DOB
---------
         1
RAMU
12-JAN-92

         2
MANU
12-FEB-92

        ID
----------
NAME
--------------------------------------------------------------------------------
DOB
---------

         3
VIJAY
15-JAN-92

         4
MANJU

        ID
----------
NAME
--------------------------------------------------------------------------------
DOB
---------
20-JAN-92

         5
MANOJ
15-NOV-94

         6

        ID
----------
NAME
--------------------------------------------------------------------------------
DOB
---------
NAVEEN
22-AUG-91


6 rows selected.

**********************************************************************************************************************************************************************



INSERT INTO EMP VALUES(7, 'NARESH', TO_DATE('12-JAN-92 8.30', 'DD-MON-YY HH.MI'));

SQL> INSERT INTO EMP VALUES(7, 'NARESH', TO_DATE('12-JAN-92 8.30', 'DD-MON-YY HH.MI'));

1 row created.

SQL> SELECT * FROM EMP;

        ID
----------
NAME
--------------------------------------------------------------------------------
DOB
---------
         1
RAMU
12-JAN-92

         2
MANU
12-FEB-92

        ID
----------
NAME
--------------------------------------------------------------------------------
DOB
---------

         3
VIJAY
15-JAN-92

         4
MANJU

        ID
----------
NAME
--------------------------------------------------------------------------------
DOB
---------
20-JAN-92

         5
MANOJ
15-NOV-94

         6

        ID
----------
NAME
--------------------------------------------------------------------------------
DOB
---------
NAVEEN
22-AUG-91

         7
NARESH
12-JAN-92


7 rows selected.

**********************************************************************************************************************************************************************

INSERT INTO EMP VALUES(8, 'NARAYANA', TO_DATE('12-DEC-95 18.30:45', 'DD-MON-YY HH24.MI:SS'));

SQL> INSERT INTO EMP VALUES(8, 'NARAYANA', TO_DATE('12-DEC-95 18.30:45', 'DD-MON-YY HH24.MI:SS'));

1 row created.

SQL> SELECT * FROM EMP;

        ID
----------
NAME
--------------------------------------------------------------------------------
DOB
---------
         1
RAMU
12-JAN-92

         2
MANU
12-FEB-92

        ID
----------
NAME
--------------------------------------------------------------------------------
DOB
---------

         3
VIJAY
15-JAN-92

         4
MANJU

        ID
----------
NAME
--------------------------------------------------------------------------------
DOB
---------
20-JAN-92

         5
MANOJ
15-NOV-94

         6

        ID
----------
NAME
--------------------------------------------------------------------------------
DOB
---------
NAVEEN
22-AUG-91

         7
NARESH
12-JAN-92


        ID
----------
NAME
--------------------------------------------------------------------------------
DOB
---------
         8
NARAYANA
12-DEC-95


8 rows selected.

**********************************************************************************************************************************************************************

INSERT INTO EMP VALUES(9, 'PAVAN', TO_DATE('30-DEC-92 5.30 AM : 45', 'DD-MON-YY HH.MI AM : SS'));

SQL> INSERT INTO EMP VALUES(9, 'PAVAN', TO_DATE('30-DEC-92 5.30 AM : 45', 'DD-MON-YY HH.MI AM : SS'));

1 row created.

SQL> SELECT * FROM EMP;

        ID
----------
NAME
--------------------------------------------------------------------------------
DOB
---------
         1
RAMU
12-JAN-92

         2
MANU
12-FEB-92

        ID
----------
NAME
--------------------------------------------------------------------------------
DOB
---------

         3
VIJAY
15-JAN-92

         4
MANJU

        ID
----------
NAME
--------------------------------------------------------------------------------
DOB
---------
20-JAN-92

         5
MANOJ
15-NOV-94

         6

        ID
----------
NAME
--------------------------------------------------------------------------------
DOB
---------
NAVEEN
22-AUG-91

         7
NARESH
12-JAN-92


        ID
----------
NAME
--------------------------------------------------------------------------------
DOB
---------
         8
NARAYANA
12-DEC-95

         9
PAVAN
30-DEC-92

        ID
----------
NAME
--------------------------------------------------------------------------------
DOB
---------


9 rows selected.

**********************************************************************************************************************************************************************

INSERT INTO EMP VALUES(10, 'PRAVEEN', TO_DATE('30-DEC-92 5.30 PM : 45', 'DD-MON-YY HH.MI PM : SS'));

SQL> INSERT INTO EMP VALUES(10, 'PRAVEEN', TO_DATE('30-DEC-92 5.30 PM : 45', 'DD-MON-YY HH.MI PM : SS'));

1 row created.

SQL> SELECT * FROM EMP;

        ID
----------
NAME
--------------------------------------------------------------------------------
DOB
---------
         1
RAMU
12-JAN-92

         2
MANU
12-FEB-92

        ID
----------
NAME
--------------------------------------------------------------------------------
DOB
---------

         3
VIJAY
15-JAN-92

         4
MANJU

        ID
----------
NAME
--------------------------------------------------------------------------------
DOB
---------
20-JAN-92

         5
MANOJ
15-NOV-94

         6

        ID
----------
NAME
--------------------------------------------------------------------------------
DOB
---------
NAVEEN
22-AUG-91

         7
NARESH
12-JAN-92


        ID
----------
NAME
--------------------------------------------------------------------------------
DOB
---------
         8
NARAYANA
12-DEC-95

         9
PAVAN
30-DEC-92

        ID
----------
NAME
--------------------------------------------------------------------------------
DOB
---------

        10
PRAVEEN
30-DEC-92


10 rows selected.

**********************************************************************************************************************************************************************

INSERT INTO EMP VALUES(11, 'PRAVEEN', TO_DATE('20-AUGUST-92 5.30 PM : 45', 'DD-MONTH-YY HH.MI PM : SS'));

SQL> INSERT INTO EMP VALUES(11, 'PRAVEEN', TO_DATE('20-AUGUST-92 5.30 PM : 45', 'DD-MONTH-YY HH.MI PM : SS'));

1 row created.

SQL> SELECT * FROM EMP;

        ID
----------
NAME
--------------------------------------------------------------------------------
DOB
---------
         1
RAMU
12-JAN-92

         2
MANU
12-FEB-92

        ID
----------
NAME
--------------------------------------------------------------------------------
DOB
---------

         3
VIJAY
15-JAN-92

         4
MANJU

        ID
----------
NAME
--------------------------------------------------------------------------------
DOB
---------
20-JAN-92

         5
MANOJ
15-NOV-94

         6

        ID
----------
NAME
--------------------------------------------------------------------------------
DOB
---------
NAVEEN
22-AUG-91

         7
NARESH
12-JAN-92


        ID
----------
NAME
--------------------------------------------------------------------------------
DOB
---------
         8
NARAYANA
12-DEC-95

         9
PAVAN
30-DEC-92

        ID
----------
NAME
--------------------------------------------------------------------------------
DOB
---------

        10
PRAVEEN
30-DEC-92

        11
PRAVEEN

        ID
----------
NAME
--------------------------------------------------------------------------------
DOB
---------
20-AUG-92


11 rows selected.

**********************************************************************************************************************************************************************

INSERT INTO EMP VALUES(12, 'SWATHI', TO_DATE('20-JULY-92 7.30 PM : 45', 'DD-MONTH-YY HH.MI PM : SS'));

SQL> INSERT INTO EMP VALUES(12, 'SWATHI', TO_DATE('20-JULY-92 7.30 PM : 45', 'DD-MONTH-YY HH.MI PM : SS'));

1 row created.

SQL> SELECT * FROM EMP;

        ID
----------
NAME
--------------------------------------------------------------------------------
DOB
---------
         1
RAMU
12-JAN-92

         2
MANU
12-FEB-92

        ID
----------
NAME
--------------------------------------------------------------------------------
DOB
---------

         3
VIJAY
15-JAN-92

         4
MANJU

        ID
----------
NAME
--------------------------------------------------------------------------------
DOB
---------
20-JAN-92

         5
MANOJ
15-NOV-94

         6

        ID
----------
NAME
--------------------------------------------------------------------------------
DOB
---------
NAVEEN
22-AUG-91

         7
NARESH
12-JAN-92


        ID
----------
NAME
--------------------------------------------------------------------------------
DOB
---------
         8
NARAYANA
12-DEC-95

         9
PAVAN
30-DEC-92

        ID
----------
NAME
--------------------------------------------------------------------------------
DOB
---------

        10
PRAVEEN
30-DEC-92

        11
PRAVEEN

        ID
----------
NAME
--------------------------------------------------------------------------------
DOB
---------
20-AUG-92

        12
SWATHI
20-JUL-92


12 rows selected.

**********************************************************************************************************************************************************************




**********************************************************************************************************************************************************************

SELECT * FROM EMP;

SQL> SELECT * FROM EMP;

        ID
----------
NAME
--------------------------------------------------------------------------------
DOB
---------
         1
RAMU
12-JAN-92

         2
MANU
12-FEB-92

        ID
----------
NAME
--------------------------------------------------------------------------------
DOB
---------

         3
VIJAY
15-JAN-92

         4
MANJU

        ID
----------
NAME
--------------------------------------------------------------------------------
DOB
---------
20-JAN-92

         5
MANOJ
15-NOV-94

         6

        ID
----------
NAME
--------------------------------------------------------------------------------
DOB
---------
NAVEEN
22-AUG-91

         7
NARESH
12-JAN-92


        ID
----------
NAME
--------------------------------------------------------------------------------
DOB
---------
         8
NARAYANA
12-DEC-95

         9
PAVAN
30-DEC-92

        ID
----------
NAME
--------------------------------------------------------------------------------
DOB
---------

        10
PRAVEEN
30-DEC-92

        11
PRAVEEN

        ID
----------
NAME
--------------------------------------------------------------------------------
DOB
---------
20-AUG-92

        12
SWATHI
20-JUL-92


12 rows selected.

**********************************************************************************************************************************************************************

SELECT NAME, TO_CHAR(DOB, 'DD') AS DAY FROM EMP;

SQL> SELECT NAME, TO_CHAR(DOB, 'DD') AS DAY FROM EMP;

NAME
--------------------------------------------------------------------------------
DA
--
RAMU
12

MANU
12

VIJAY
15


NAME
--------------------------------------------------------------------------------
DA
--
MANJU
20

MANOJ
15

NAVEEN
22


NAME
--------------------------------------------------------------------------------
DA
--
NARESH
12

NARAYANA
12

PAVAN
30


NAME
--------------------------------------------------------------------------------
DA
--
PRAVEEN
30

PRAVEEN
20

SWATHI
20


12 rows selected.

**********************************************************************************************************************************************************************

SELECT NAME, TO_CHAR(DOB, 'MON') AS MONTH FROM EMP;

SQL> SELECT NAME, TO_CHAR(DOB, 'MON') AS MONTH FROM EMP;

NAME
--------------------------------------------------------------------------------
MONTH
------------
RAMU
JAN

MANU
FEB

VIJAY
JAN


NAME
--------------------------------------------------------------------------------
MONTH
------------
MANJU
JAN

MANOJ
NOV

NAVEEN
AUG


NAME
--------------------------------------------------------------------------------
MONTH
------------
NARESH
JAN

NARAYANA
DEC

PAVAN
DEC


NAME
--------------------------------------------------------------------------------
MONTH
------------
PRAVEEN
DEC

PRAVEEN
AUG

SWATHI
JUL


12 rows selected.

**********************************************************************************************************************************************************************

SELECT NAME, TO_CHAR(DOB, 'MONTH') AS MONTH FROM EMP;

SQL> SELECT NAME, TO_CHAR(DOB, 'MONTH') AS MONTH FROM EMP;

NAME
--------------------------------------------------------------------------------
MONTH
------------------------------------
RAMU
JANUARY

MANU
FEBRUARY

VIJAY
JANUARY


NAME
--------------------------------------------------------------------------------
MONTH
------------------------------------
MANJU
JANUARY

MANOJ
NOVEMBER

NAVEEN
AUGUST


NAME
--------------------------------------------------------------------------------
MONTH
------------------------------------
NARESH
JANUARY

NARAYANA
DECEMBER

PAVAN
DECEMBER


NAME
--------------------------------------------------------------------------------
MONTH
------------------------------------
PRAVEEN
DECEMBER

PRAVEEN
AUGUST

SWATHI
JULY


12 rows selected.

**********************************************************************************************************************************************************************

SELECT NAME, TO_CHAR(DOB, 'MM') AS MONTH FROM EMP;

SQL> SELECT NAME, TO_CHAR(DOB, 'MM') AS MONTH FROM EMP;

NAME
--------------------------------------------------------------------------------
MO
--
RAMU
01

MANU
02

VIJAY
01


NAME
--------------------------------------------------------------------------------
MO
--
MANJU
01

MANOJ
11

NAVEEN
08


NAME
--------------------------------------------------------------------------------
MO
--
NARESH
01

NARAYANA
12

PAVAN
12


NAME
--------------------------------------------------------------------------------
MO
--
PRAVEEN
12

PRAVEEN
08

SWATHI
07


12 rows selected.

**********************************************************************************************************************************************************************

SELECT NAME, TO_CHAR(DOB, 'MONTH') AS MONTH FROM EMP WHERE TO_CHAR(DOB, 'DD') > 15;

SQL> SELECT NAME, TO_CHAR(DOB, 'MONTH') AS MONTH FROM EMP WHERE TO_CHAR(DOB, 'DD') > 15;

NAME
--------------------------------------------------------------------------------
MONTH
------------------------------------
MANJU
JANUARY

NAVEEN
AUGUST

PAVAN
DECEMBER


NAME
--------------------------------------------------------------------------------
MONTH
------------------------------------
PRAVEEN
DECEMBER

PRAVEEN
AUGUST

SWATHI
JULY


6 rows selected.

**********************************************************************************************************************************************************************

SELECT NAME, TO_CHAR(DOB, 'MONTH') AS MONTH FROM EMP WHERE TO_CHAR(DOB, 'DD') <= 15;

SQL> SELECT NAME, TO_CHAR(DOB, 'MONTH') AS MONTH FROM EMP WHERE TO_CHAR(DOB, 'DD') <= 15;

NAME
--------------------------------------------------------------------------------
MONTH
------------------------------------
RAMU
JANUARY

MANU
FEBRUARY

VIJAY
JANUARY


NAME
--------------------------------------------------------------------------------
MONTH
------------------------------------
MANOJ
NOVEMBER

NARESH
JANUARY

NARAYANA
DECEMBER


6 rows selected.

**********************************************************************************************************************************************************************

SELECT NAME, TO_CHAR(DOB, 'MONTH') AS MONTH FROM EMP WHERE TO_CHAR(DOB, 'MM') > 5;

SQL> SELECT NAME, TO_CHAR(DOB, 'MONTH') AS MONTH FROM EMP WHERE TO_CHAR(DOB, 'MM') > 5;

NAME
--------------------------------------------------------------------------------
MONTH
------------------------------------
MANOJ
NOVEMBER

NAVEEN
AUGUST

NARAYANA
DECEMBER


NAME
--------------------------------------------------------------------------------
MONTH
------------------------------------
PAVAN
DECEMBER

PRAVEEN
DECEMBER

PRAVEEN
AUGUST


NAME
--------------------------------------------------------------------------------
MONTH
------------------------------------
SWATHI
JULY


7 rows selected.

**********************************************************************************************************************************************************************

SELECT NAME, TO_CHAR(DOB, 'MONTH') AS MONTH FROM EMP WHERE TO_CHAR(DOB, 'MM') <= 5;

SQL> SELECT NAME, TO_CHAR(DOB, 'MONTH') AS MONTH FROM EMP WHERE TO_CHAR(DOB, 'MM') <= 5;

NAME
--------------------------------------------------------------------------------
MONTH
------------------------------------
RAMU
JANUARY

MANU
FEBRUARY

VIJAY
JANUARY


NAME
--------------------------------------------------------------------------------
MONTH
------------------------------------
MANJU
JANUARY

NARESH
JANUARY

**********************************************************************************************************************************************************************

SELECT NAME, TO_CHAR(DOB, 'MONTH') AS MONTH FROM EMP WHERE TO_CHAR(DOB, 'MON') = 'JAN';

SQL> SELECT NAME, TO_CHAR(DOB, 'MONTH') AS MONTH FROM EMP WHERE TO_CHAR(DOB, 'MON') = 'JAN';

NAME
--------------------------------------------------------------------------------
MONTH
------------------------------------
RAMU
JANUARY

VIJAY
JANUARY

MANJU
JANUARY


NAME
--------------------------------------------------------------------------------
MONTH
------------------------------------
NARESH
JANUARY

**********************************************************************************************************************************************************************


SELECT NAME, TO_CHAR(DOB, 'MONTH') AS MONTH FROM EMP WHERE 
						TO_CHAR(DOB, 'MONTH') LIKE '%RY%';

SQL> SELECT NAME, TO_CHAR(DOB, 'MONTH') AS MONTH FROM EMP WHERE TO_CHAR(DOB, 'MONTH') LIKE '%RY%';

NAME
--------------------------------------------------------------------------------
MONTH
------------------------------------
RAMU
JANUARY

MANU
FEBRUARY

VIJAY
JANUARY


NAME
--------------------------------------------------------------------------------
MONTH
------------------------------------
MANJU
JANUARY

NARESH
JANUARY

**********************************************************************************************************************************************************************





SELECT NAME, TO_CHAR(DOB, 'HH') AS HOUR FROM EMP;

SQL> SELECT NAME, TO_CHAR(DOB, 'HH') AS HOUR FROM EMP;

NAME
--------------------------------------------------------------------------------
HO
--
RAMU
12

MANU
12

VIJAY
12


NAME
--------------------------------------------------------------------------------
HO
--
MANJU
12

MANOJ
12

NAVEEN
12


NAME
--------------------------------------------------------------------------------
HO
--
NARESH
08

NARAYANA
06

PAVAN
05


NAME
--------------------------------------------------------------------------------
HO
--
PRAVEEN
05

PRAVEEN
05

SWATHI
07


12 rows selected.

**********************************************************************************************************************************************************************

SELECT NAME, TO_CHAR(DOB, 'HH24') AS HOUR FROM EMP;

SQL> SELECT NAME, TO_CHAR(DOB, 'HH24') AS HOUR FROM EMP;

NAME
--------------------------------------------------------------------------------
HO
--
RAMU
00

MANU
00

VIJAY
00


NAME
--------------------------------------------------------------------------------
HO
--
MANJU
00

MANOJ
00

NAVEEN
00


NAME
--------------------------------------------------------------------------------
HO
--
NARESH
08

NARAYANA
18

PAVAN
05


NAME
--------------------------------------------------------------------------------
HO
--
PRAVEEN
17

PRAVEEN
17

SWATHI
19


12 rows selected.

**********************************************************************************************************************************************************************

SELECT NAME, TO_CHAR(DOB, 'HH12') AS HOUR FROM EMP;

SQL> SELECT NAME, TO_CHAR(DOB, 'HH12') AS HOUR FROM EMP;

NAME
--------------------------------------------------------------------------------
HO
--
RAMU
12

MANU
12

VIJAY
12


NAME
--------------------------------------------------------------------------------
HO
--
MANJU
12

MANOJ
12

NAVEEN
12


NAME
--------------------------------------------------------------------------------
HO
--
NARESH
08

NARAYANA
06

PAVAN
05


NAME
--------------------------------------------------------------------------------
HO
--
PRAVEEN
05

PRAVEEN
05

SWATHI
07


12 rows selected.

**********************************************************************************************************************************************************************

SELECT NAME, TO_CHAR(DOB, 'HH AM') AS HOUR FROM EMP;

SQL> SELECT NAME, TO_CHAR(DOB, 'HH AM') AS HOUR FROM EMP;

NAME
--------------------------------------------------------------------------------
HOUR
-----
RAMU
12 AM

MANU
12 AM

VIJAY
12 AM


NAME
--------------------------------------------------------------------------------
HOUR
-----
MANJU
12 AM

MANOJ
12 AM

NAVEEN
12 AM


NAME
--------------------------------------------------------------------------------
HOUR
-----
NARESH
08 AM

NARAYANA
06 PM

PAVAN
05 AM


NAME
--------------------------------------------------------------------------------
HOUR
-----
PRAVEEN
05 PM

PRAVEEN
05 PM

SWATHI
07 PM


12 rows selected.

**********************************************************************************************************************************************************************

SELECT NAME, TO_CHAR(DOB, 'HH PM') AS HOUR FROM EMP;

SQL> SELECT NAME, TO_CHAR(DOB, 'HH PM') AS HOUR FROM EMP;

NAME
--------------------------------------------------------------------------------
HOUR
-----
RAMU
12 AM

MANU
12 AM

VIJAY
12 AM


NAME
--------------------------------------------------------------------------------
HOUR
-----
MANJU
12 AM

MANOJ
12 AM

NAVEEN
12 AM


NAME
--------------------------------------------------------------------------------
HOUR
-----
NARESH
08 AM

NARAYANA
06 PM

PAVAN
05 AM


NAME
--------------------------------------------------------------------------------
HOUR
-----
PRAVEEN
05 PM

PRAVEEN
05 PM

SWATHI
07 PM


12 rows selected.

**********************************************************************************************************************************************************************

SELECT NAME, TO_CHAR(DOB, 'HH AM') HOUR FROM EMP WHERE TO_CHAR(DOB, 'HH24') > 10;

SQL> SELECT NAME, TO_CHAR(DOB, 'HH AM') HOUR FROM EMP WHERE TO_CHAR(DOB, 'HH24') > 10;

NAME
--------------------------------------------------------------------------------
HOUR
-----
NARAYANA
06 PM

PRAVEEN
05 PM

PRAVEEN
05 PM


NAME
--------------------------------------------------------------------------------
HOUR
-----
SWATHI
07 PM

**********************************************************************************************************************************************************************

SELECT NAME, TO_CHAR(DOB, 'HH AM') HOUR FROM EMP WHERE TO_CHAR(DOB, 'HH24')  < 7;

SQL> SELECT NAME, TO_CHAR(DOB, 'HH AM') HOUR FROM EMP WHERE TO_CHAR(DOB, 'HH24')  < 7;

NAME
--------------------------------------------------------------------------------
HOUR
-----
RAMU
12 AM

MANU
12 AM

VIJAY
12 AM


NAME
--------------------------------------------------------------------------------
HOUR
-----
MANJU
12 AM

MANOJ
12 AM

NAVEEN
12 AM


NAME
--------------------------------------------------------------------------------
HOUR
-----
PAVAN
05 AM


7 rows selected.

**********************************************************************************************************************************************************************



SELECT NAME, TO_CHAR(DOB, 'HH AM') HOUR FROM EMP WHERE TO_CHAR(DOB, 'HH AM')  LIKE '%PM%';

SQL> SELECT NAME, TO_CHAR(DOB, 'HH AM') HOUR FROM EMP WHERE TO_CHAR(DOB, 'HH AM')  LIKE '%PM%';

NAME
--------------------------------------------------------------------------------
HOUR
-----
NARAYANA
06 PM

PRAVEEN
05 PM

PRAVEEN
05 PM


NAME
--------------------------------------------------------------------------------
HOUR
-----
SWATHI
07 PM

**********************************************************************************************************************************************************************

SELECT NAME, TO_CHAR(DOB, 'YY') YEAR FROM EMP;

SQL> SELECT NAME, TO_CHAR(DOB, 'YY') YEAR FROM EMP;

NAME
--------------------------------------------------------------------------------
YE
--
RAMU
92

MANU
92

VIJAY
92


NAME
--------------------------------------------------------------------------------
YE
--
MANJU
92

MANOJ
94

NAVEEN
91


NAME
--------------------------------------------------------------------------------
YE
--
NARESH
92

NARAYANA
95

PAVAN
92


NAME
--------------------------------------------------------------------------------
YE
--
PRAVEEN
92

PRAVEEN
92

SWATHI
92


12 rows selected.

**********************************************************************************************************************************************************************

SELECT NAME, TO_CHAR(DOB, 'YYYY') YEAR FROM EMP;

SQL> SELECT NAME, TO_CHAR(DOB, 'YYYY') YEAR FROM EMP;

NAME
--------------------------------------------------------------------------------
YEAR
----
RAMU
1992

MANU
1992

VIJAY
1992


NAME
--------------------------------------------------------------------------------
YEAR
----
MANJU
1992

MANOJ
1994

NAVEEN
1991


NAME
--------------------------------------------------------------------------------
YEAR
----
NARESH
2092

NARAYANA
2095

PAVAN
2092


NAME
--------------------------------------------------------------------------------
YEAR
----
PRAVEEN
2092

PRAVEEN
2092

SWATHI
2092


12 rows selected.

**********************************************************************************************************************************************************************

SELECT NAME, TO_CHAR(DOB, 'YY') YEAR FROM EMP  WHERE TO_CHAR(DOB, 'YY')  < 93;

SQL> SELECT NAME, TO_CHAR(DOB, 'YY') YEAR FROM EMP  WHERE TO_CHAR(DOB, 'YY')  < 93;

NAME
--------------------------------------------------------------------------------
YE
--
RAMU
92

MANU
92

VIJAY
92


NAME
--------------------------------------------------------------------------------
YE
--
MANJU
92

NAVEEN
91

NARESH
92


NAME
--------------------------------------------------------------------------------
YE
--
PAVAN
92

PRAVEEN
92

PRAVEEN
92


NAME
--------------------------------------------------------------------------------
YE
--
SWATHI
92


10 rows selected.

**********************************************************************************************************************************************************************

SELECT NAME, TO_CHAR(DOB, 'YY') YEAR FROM EMP  WHERE TO_CHAR(DOB, 'YY')  >= 95;

SQL> SELECT NAME, TO_CHAR(DOB, 'YY') YEAR FROM EMP  WHERE TO_CHAR(DOB, 'YY')  >= 95;

NAME
--------------------------------------------------------------------------------
YE
--
NARAYANA
95

**********************************************************************************************************************************************************************

SELECT NAME, TO_CHAR(DOB, 'YY') YEAR FROM EMP  WHERE TO_CHAR(DOB, 'YY')  BETWEEN 92 AND 94;

SQL> SELECT NAME, TO_CHAR(DOB, 'YY') YEAR FROM EMP  WHERE TO_CHAR(DOB, 'YY')  BETWEEN 92 AND 94;

NAME
--------------------------------------------------------------------------------
YE
--
RAMU
92

MANU
92

VIJAY
92


NAME
--------------------------------------------------------------------------------
YE
--
MANJU
92

MANOJ
94

NARESH
92


NAME
--------------------------------------------------------------------------------
YE
--
PAVAN
92

PRAVEEN
92

PRAVEEN
92


NAME
--------------------------------------------------------------------------------
YE
--
SWATHI
92


10 rows selected.

**********************************************************************************************************************************************************************

SELECT NAME FROM EMP  WHERE TO_CHAR(DOB, 'DD.MM.YY') = '12.01.92';

SQL> SELECT NAME FROM EMP  WHERE TO_CHAR(DOB, 'DD.MM.YY') = '12.01.92';

NAME
--------------------------------------------------------------------------------
RAMU
NARESH

**********************************************************************************************************************************************************************

SELECT NAME FROM EMP  WHERE TO_CHAR(DOB, 'DD.MM.YY') > '12.01.92';

SQL> SELECT NAME FROM EMP  WHERE TO_CHAR(DOB, 'DD.MM.YY') > '12.01.92';

NAME
--------------------------------------------------------------------------------
MANU
VIJAY
MANJU
MANOJ
NAVEEN
NARAYANA
PAVAN
PRAVEEN
PRAVEEN
SWATHI

10 rows selected.

**********************************************************************************************************************************************************************

SELECT NAME FROM EMP  WHERE TO_CHAR(DOB, 'DD-MM-YY') = '12-01-92';

SQL> SELECT NAME FROM EMP  WHERE TO_CHAR(DOB, 'DD-MM-YY') = '12-01-92';

NAME
--------------------------------------------------------------------------------
RAMU
NARESH

**********************************************************************************************************************************************************************


